<?xml version="1.0" encoding="UTF-8"?>
<configs>
    <append xpath="/items">

        <!-- Starter Bundle Master Template -->
        <item name="starterBundleMaster">
            <property name="CreativeMode" value="None"/>
            <property name="ItemTypeIcon" value="bundle"/>
            <property name="CustomIcon" value="challengeQuestMaster"/>
            <property name="HoldType" value="45"/>
            <property name="Meshfile" value="@:Other/Items/Food/cornbreadPrefab.prefab"/>
            <property name="HandMeshfile" value="@:Other/Items/Food/cornbreadHandPrefab.prefab"/>
            <property name="DropMeshfile" value="@:Other/Items/Misc/sack_droppedPrefab.prefab"/>
            <property name="Material" value="Mmetal"/>
            <property name="Stacknumber" value="1"/>
            <property name="Weight" value="0"/>
            <property name="SellableToTrader" value="false"/>
            <property name="Group" value="Special Items"/>
            <property class="Action0">
                <property name="Class" value="OpenBundle"/>
                <property name="Delay" value="0"/>
                <property name="Use_time" value="0"/>
            </property>
        </item>

        <!-- Dein Starterpack -->
        <item name="StarterPackMaster">
            <property name="Extends" value="starterBundleMaster"/>
            <property name="DescriptionKey" value="StarterPackMasterDesc"/>
            <property name="CustomIconTint" value="#38f5f5"/>
            <property class="Action0">
                <property name="Create_item" value="
                    medicalFirstAidKit,medicalFirstAidBandage,medicalSplint,
                    foodSpaghetti,drinkJarPureMineralWater,meleeToolPickT2SteelPickaxe,
                    meleeToolAxeT2SteelAxe,resourceRepairKit,meleeWpnBladeT1HuntingKnife,
                    vehicleBicyclePlaceable,workstationSkillMagazine,foodHoney,drugPainkillers,
					drugVitamins,drugHerbalAntibiotics,
					toolCookingGrill,toolCookingPot,resourceLockPickBundle,gunHandgunT1Pistol,ammo9mmBulletBall,
					armorScavengerHelmet,armorScavengerOutfit,armorScavengerGloves,armorScavengerBoots,
					meeleToolShovelT2SteelShovel"/>
                <property name="Create_item_count" value="
                    50,50,10,
					31,31,1,
					1,10,1,
					1,10,10,31,
					31,31,
					1,1,1,1,1000,1,1,1,1,1"/>
            </property>
        </item>

    </append>
</configs>
